<component xmlns="https://raw.githubusercontent.com/zopefoundation/ZConfig/master/doc/schema.dtd"
           prefix="dhcpkit.ipv6.server.duids.duid_llt.config">

    <sectiontype name="duid-llt"
                 implements="duid"
                 datatype=".duid_llt">
        <description>
            A DUID based on a link-layer address and a timestamp.
        </description>
        <example><![CDATA[
            <duid-llt>
                hardware-type 1
                link-layer-address 002436ef1d89
                timestamp 2016-12-31T23:59:59Z
            </duid-llt>

            <duid-llt server-id>
                hardware-type 1
                link-layer-address 00:24:36:ef:1d:89
                timestamp 2016-12-31T23:59:59Z
            </duid-llt>
        ]]></example>

        <key name="hardware-type" datatype="dhcpkit.common.server.config_datatypes.unsigned_int_16" required="yes">
            <description>
                The hardware type must be a valid hardware type assigned by the IANA, as described in :rfc:`826`.
                Ethernet has type number 1.
            </description>
        </key>

        <key name="link-layer-address" datatype="dhcpkit.common.server.config_datatypes.hex_bytes" required="yes">
            <description>
                The link-layer address must be provided as a hexadecimal string. Each octet may be separated with
                colons, but this is not required.
            </description>
            <example>
                00:24:36:ef:1d:89
            </example>
        </key>

        <key name="timestamp" datatype="dhcpkit.common.server.config_datatypes.iso8601_timestamp" required="yes">
            <description>
                The timestamp to include in the address. It must be provided in the ISO-8601 compatible
                format "%Y-%m-%dT%H:%M:%SZ".
            </description>
            <example>
                2016-12-31T23:59:59Z
            </example>
        </key>
    </sectiontype>
</component>
