<component xmlns="https://raw.githubusercontent.com/zopefoundation/ZConfig/master/doc/schema.dtd"
           prefix="dhcpkit.ipv6.server.duids.duid_en.config">

    <sectiontype name="duid-en"
                 implements="duid"
                 datatype=".duid_en">
        <description>
            A DUID based on an enterprise-number and an opaque identifier.
        </description>
        <example><![CDATA[
            <duid-en>
                enterprise-number 40208
                identifier 12:34:56:78:90:ab:cd:ef
            </duid-en>
        ]]></example>

        <key name="enterprise-number" datatype="dhcpkit.common.server.config_datatypes.unsigned_int_32" required="yes">
            <description>
                This must be a Private Enterprise Number as maintained by IANA.
                See http://www.iana.org/assignments/enterprise-numbers.
            </description>
        </key>

        <key name="identifier" datatype="dhcpkit.common.server.config_datatypes.hex_bytes" required="yes">
            <description>
                This is a unique identifier assigned by the specified enterprise. The value must be provided as a
                hexadecimal string. Each octet may be separated with colons, but this is not required.
            </description>
            <example>
                12:34:56:78:90:ab:cd:ef:ca:fe:be:ef
            </example>
        </key>
    </sectiontype>
</component>
